--
-- PostgreSQL database dump
--

\restrict Chx8jwU6pZLY0zwAlYKo4vc2y1ykK2Dwy7wK5LuUxpP9k3HacHBFTic6fxUVbf2

-- Dumped from database version 17.7 (Homebrew)
-- Dumped by pg_dump version 17.7 (Homebrew)

SET statement_timeout = 0;
SET lock_timeout = 0;
SET idle_in_transaction_session_timeout = 0;
SET transaction_timeout = 0;
SET client_encoding = 'UTF8';
SET standard_conforming_strings = on;
SELECT pg_catalog.set_config('search_path', '', false);
SET check_function_bodies = false;
SET xmloption = content;
SET client_min_messages = warning;
SET row_security = off;

--
-- Name: vector; Type: EXTENSION; Schema: -; Owner: -
--

CREATE EXTENSION IF NOT EXISTS vector WITH SCHEMA public;


--
-- Name: EXTENSION vector; Type: COMMENT; Schema: -; Owner: 
--

COMMENT ON EXTENSION vector IS 'vector data type and ivfflat and hnsw access methods';


SET default_tablespace = '';

SET default_table_access_method = heap;

--
-- Name: auth_group; Type: TABLE; Schema: public; Owner: slyeee
--

CREATE TABLE public.auth_group (
    id integer NOT NULL,
    name character varying(150) NOT NULL
);


ALTER TABLE public.auth_group OWNER TO slyeee;

--
-- Name: auth_group_id_seq; Type: SEQUENCE; Schema: public; Owner: slyeee
--

ALTER TABLE public.auth_group ALTER COLUMN id ADD GENERATED BY DEFAULT AS IDENTITY (
    SEQUENCE NAME public.auth_group_id_seq
    START WITH 1
    INCREMENT BY 1
    NO MINVALUE
    NO MAXVALUE
    CACHE 1
);


--
-- Name: auth_group_permissions; Type: TABLE; Schema: public; Owner: slyeee
--

CREATE TABLE public.auth_group_permissions (
    id integer NOT NULL,
    group_id integer NOT NULL,
    permission_id integer NOT NULL
);


ALTER TABLE public.auth_group_permissions OWNER TO slyeee;

--
-- Name: auth_group_permissions_id_seq; Type: SEQUENCE; Schema: public; Owner: slyeee
--

ALTER TABLE public.auth_group_permissions ALTER COLUMN id ADD GENERATED BY DEFAULT AS IDENTITY (
    SEQUENCE NAME public.auth_group_permissions_id_seq
    START WITH 1
    INCREMENT BY 1
    NO MINVALUE
    NO MAXVALUE
    CACHE 1
);


--
-- Name: auth_permission; Type: TABLE; Schema: public; Owner: slyeee
--

CREATE TABLE public.auth_permission (
    id integer NOT NULL,
    name character varying(255) NOT NULL,
    content_type_id integer NOT NULL,
    codename character varying(100) NOT NULL
);


ALTER TABLE public.auth_permission OWNER TO slyeee;

--
-- Name: auth_permission_id_seq; Type: SEQUENCE; Schema: public; Owner: slyeee
--

ALTER TABLE public.auth_permission ALTER COLUMN id ADD GENERATED BY DEFAULT AS IDENTITY (
    SEQUENCE NAME public.auth_permission_id_seq
    START WITH 1
    INCREMENT BY 1
    NO MINVALUE
    NO MAXVALUE
    CACHE 1
);


--
-- Name: career_interviewexchange; Type: TABLE; Schema: public; Owner: slyeee
--

CREATE TABLE public.career_interviewexchange (
    id bigint NOT NULL,
    question text NOT NULL,
    answer text NOT NULL,
    feedback text NOT NULL,
    score integer NOT NULL,
    "order" integer NOT NULL,
    created_at timestamp with time zone NOT NULL,
    interview_id bigint NOT NULL
);


ALTER TABLE public.career_interviewexchange OWNER TO slyeee;

--
-- Name: career_interviewexchange_id_seq; Type: SEQUENCE; Schema: public; Owner: slyeee
--

ALTER TABLE public.career_interviewexchange ALTER COLUMN id ADD GENERATED BY DEFAULT AS IDENTITY (
    SEQUENCE NAME public.career_interviewexchange_id_seq
    START WITH 1
    INCREMENT BY 1
    NO MINVALUE
    NO MAXVALUE
    CACHE 1
);


--
-- Name: career_mockinterview; Type: TABLE; Schema: public; Owner: slyeee
--

CREATE TABLE public.career_mockinterview (
    id bigint NOT NULL,
    persona character varying(20) NOT NULL,
    status character varying(20) NOT NULL,
    created_at timestamp with time zone NOT NULL,
    portfolio_id bigint,
    student_id bigint NOT NULL
);


ALTER TABLE public.career_mockinterview OWNER TO slyeee;

--
-- Name: career_mockinterview_id_seq; Type: SEQUENCE; Schema: public; Owner: slyeee
--

ALTER TABLE public.career_mockinterview ALTER COLUMN id ADD GENERATED BY DEFAULT AS IDENTITY (
    SEQUENCE NAME public.career_mockinterview_id_seq
    START WITH 1
    INCREMENT BY 1
    NO MINVALUE
    NO MAXVALUE
    CACHE 1
);


--
-- Name: career_portfolio; Type: TABLE; Schema: public; Owner: slyeee
--

CREATE TABLE public.career_portfolio (
    id bigint NOT NULL,
    portfolio_type character varying(10) NOT NULL,
    title character varying(200) NOT NULL,
    content text NOT NULL,
    created_at timestamp with time zone NOT NULL,
    student_id bigint NOT NULL
);


ALTER TABLE public.career_portfolio OWNER TO slyeee;

--
-- Name: career_portfolio_id_seq; Type: SEQUENCE; Schema: public; Owner: slyeee
--

ALTER TABLE public.career_portfolio ALTER COLUMN id ADD GENERATED BY DEFAULT AS IDENTITY (
    SEQUENCE NAME public.career_portfolio_id_seq
    START WITH 1
    INCREMENT BY 1
    NO MINVALUE
    NO MAXVALUE
    CACHE 1
);


--
-- Name: centers_center; Type: TABLE; Schema: public; Owner: slyeee
--

CREATE TABLE public.centers_center (
    id bigint NOT NULL,
    name character varying(100) NOT NULL,
    code character varying(50) NOT NULL,
    created_at timestamp with time zone DEFAULT now() NOT NULL
);


ALTER TABLE public.centers_center OWNER TO slyeee;

--
-- Name: centers_center_id_seq; Type: SEQUENCE; Schema: public; Owner: slyeee
--

ALTER TABLE public.centers_center ALTER COLUMN id ADD GENERATED BY DEFAULT AS IDENTITY (
    SEQUENCE NAME public.centers_center_id_seq
    START WITH 1
    INCREMENT BY 1
    NO MINVALUE
    NO MAXVALUE
    CACHE 1
);


--
-- Name: courses_coursesection; Type: TABLE; Schema: public; Owner: slyeee
--

CREATE TABLE public.courses_coursesection (
    id bigint NOT NULL,
    title character varying(200) NOT NULL,
    day_sequence integer NOT NULL,
    description text NOT NULL
);


ALTER TABLE public.courses_coursesection OWNER TO slyeee;

--
-- Name: courses_coursesection_id_seq; Type: SEQUENCE; Schema: public; Owner: slyeee
--

ALTER TABLE public.courses_coursesection ALTER COLUMN id ADD GENERATED BY DEFAULT AS IDENTITY (
    SEQUENCE NAME public.courses_coursesection_id_seq
    START WITH 1
    INCREMENT BY 1
    NO MINVALUE
    NO MAXVALUE
    CACHE 1
);


--
-- Name: diaries; Type: TABLE; Schema: public; Owner: slyeee
--

CREATE TABLE public.diaries (
    id bigint NOT NULL,
    event text,
    mood_intensity integer NOT NULL,
    emotion_desc text,
    emotion_meaning text,
    self_talk text,
    ai_comment text,
    ai_emotion text,
    safety_flag boolean NOT NULL,
    created_at timestamp with time zone NOT NULL,
    user_id bigint NOT NULL
);


ALTER TABLE public.diaries OWNER TO slyeee;

--
-- Name: diaries_id_seq; Type: SEQUENCE; Schema: public; Owner: slyeee
--

ALTER TABLE public.diaries ALTER COLUMN id ADD GENERATED BY DEFAULT AS IDENTITY (
    SEQUENCE NAME public.diaries_id_seq
    START WITH 1
    INCREMENT BY 1
    NO MINVALUE
    NO MAXVALUE
    CACHE 1
);


--
-- Name: django_admin_log; Type: TABLE; Schema: public; Owner: slyeee
--

CREATE TABLE public.django_admin_log (
    id integer NOT NULL,
    action_time timestamp with time zone NOT NULL,
    object_id text,
    object_repr character varying(200) NOT NULL,
    action_flag smallint NOT NULL,
    change_message text NOT NULL,
    content_type_id integer,
    user_id bigint NOT NULL,
    CONSTRAINT django_admin_log_action_flag_check CHECK ((action_flag >= 0))
);


ALTER TABLE public.django_admin_log OWNER TO slyeee;

--
-- Name: django_admin_log_id_seq; Type: SEQUENCE; Schema: public; Owner: slyeee
--

ALTER TABLE public.django_admin_log ALTER COLUMN id ADD GENERATED BY DEFAULT AS IDENTITY (
    SEQUENCE NAME public.django_admin_log_id_seq
    START WITH 1
    INCREMENT BY 1
    NO MINVALUE
    NO MAXVALUE
    CACHE 1
);


--
-- Name: django_content_type; Type: TABLE; Schema: public; Owner: slyeee
--

CREATE TABLE public.django_content_type (
    id integer NOT NULL,
    app_label character varying(100) NOT NULL,
    model character varying(100) NOT NULL
);


ALTER TABLE public.django_content_type OWNER TO slyeee;

--
-- Name: django_content_type_id_seq; Type: SEQUENCE; Schema: public; Owner: slyeee
--

ALTER TABLE public.django_content_type ALTER COLUMN id ADD GENERATED BY DEFAULT AS IDENTITY (
    SEQUENCE NAME public.django_content_type_id_seq
    START WITH 1
    INCREMENT BY 1
    NO MINVALUE
    NO MAXVALUE
    CACHE 1
);


--
-- Name: django_migrations; Type: TABLE; Schema: public; Owner: slyeee
--

CREATE TABLE public.django_migrations (
    id integer NOT NULL,
    app character varying(255) NOT NULL,
    name character varying(255) NOT NULL,
    applied timestamp with time zone NOT NULL
);


ALTER TABLE public.django_migrations OWNER TO slyeee;

--
-- Name: django_migrations_id_seq; Type: SEQUENCE; Schema: public; Owner: slyeee
--

ALTER TABLE public.django_migrations ALTER COLUMN id ADD GENERATED BY DEFAULT AS IDENTITY (
    SEQUENCE NAME public.django_migrations_id_seq
    START WITH 1
    INCREMENT BY 1
    NO MINVALUE
    NO MAXVALUE
    CACHE 1
);


--
-- Name: django_session; Type: TABLE; Schema: public; Owner: slyeee
--

CREATE TABLE public.django_session (
    session_key character varying(40) NOT NULL,
    session_data text NOT NULL,
    expire_date timestamp with time zone NOT NULL
);


ALTER TABLE public.django_session OWNER TO slyeee;

--
-- Name: learning_attemptdetail; Type: TABLE; Schema: public; Owner: slyeee
--

CREATE TABLE public.learning_attemptdetail (
    id bigint NOT NULL,
    student_answer character varying(255) NOT NULL,
    is_correct boolean NOT NULL,
    attempt_id bigint NOT NULL,
    question_id bigint NOT NULL
);


ALTER TABLE public.learning_attemptdetail OWNER TO slyeee;

--
-- Name: learning_attemptdetail_id_seq; Type: SEQUENCE; Schema: public; Owner: slyeee
--

ALTER TABLE public.learning_attemptdetail ALTER COLUMN id ADD GENERATED BY DEFAULT AS IDENTITY (
    SEQUENCE NAME public.learning_attemptdetail_id_seq
    START WITH 1
    INCREMENT BY 1
    NO MINVALUE
    NO MAXVALUE
    CACHE 1
);


--
-- Name: learning_dailyquiz; Type: TABLE; Schema: public; Owner: slyeee
--

CREATE TABLE public.learning_dailyquiz (
    id bigint NOT NULL,
    quiz_date date NOT NULL,
    total_score integer NOT NULL,
    is_passed boolean NOT NULL,
    created_at timestamp with time zone NOT NULL,
    section_id bigint,
    student_id bigint NOT NULL
);


ALTER TABLE public.learning_dailyquiz OWNER TO slyeee;

--
-- Name: learning_dailyquiz_id_seq; Type: SEQUENCE; Schema: public; Owner: slyeee
--

ALTER TABLE public.learning_dailyquiz ALTER COLUMN id ADD GENERATED BY DEFAULT AS IDENTITY (
    SEQUENCE NAME public.learning_dailyquiz_id_seq
    START WITH 1
    INCREMENT BY 1
    NO MINVALUE
    NO MAXVALUE
    CACHE 1
);


--
-- Name: learning_learningobjective; Type: TABLE; Schema: public; Owner: slyeee
--

CREATE TABLE public.learning_learningobjective (
    id bigint NOT NULL,
    content character varying(300) NOT NULL,
    "order" integer NOT NULL,
    syllabus_id bigint NOT NULL
);


ALTER TABLE public.learning_learningobjective OWNER TO slyeee;

--
-- Name: learning_learningobjective_id_seq; Type: SEQUENCE; Schema: public; Owner: slyeee
--

ALTER TABLE public.learning_learningobjective ALTER COLUMN id ADD GENERATED BY DEFAULT AS IDENTITY (
    SEQUENCE NAME public.learning_learningobjective_id_seq
    START WITH 1
    INCREMENT BY 1
    NO MINVALUE
    NO MAXVALUE
    CACHE 1
);


--
-- Name: learning_learningsession; Type: TABLE; Schema: public; Owner: slyeee
--

CREATE TABLE public.learning_learningsession (
    id bigint NOT NULL,
    session_date date NOT NULL,
    session_order integer NOT NULL,
    start_time timestamp with time zone NOT NULL,
    end_time timestamp with time zone,
    is_completed boolean NOT NULL,
    section_id bigint,
    student_id bigint NOT NULL,
    youtube_url character varying(500),
    lecture_id bigint,
    context_summary text,
    last_compressed_at timestamp with time zone NOT NULL
);


ALTER TABLE public.learning_learningsession OWNER TO slyeee;

--
-- Name: learning_learningsession_id_seq; Type: SEQUENCE; Schema: public; Owner: slyeee
--

ALTER TABLE public.learning_learningsession ALTER COLUMN id ADD GENERATED BY DEFAULT AS IDENTITY (
    SEQUENCE NAME public.learning_learningsession_id_seq
    START WITH 1
    INCREMENT BY 1
    NO MINVALUE
    NO MAXVALUE
    CACHE 1
);


--
-- Name: learning_lecture; Type: TABLE; Schema: public; Owner: slyeee
--

CREATE TABLE public.learning_lecture (
    id bigint NOT NULL,
    title character varying(200) NOT NULL,
    created_at timestamp with time zone NOT NULL,
    instructor_id bigint NOT NULL,
    access_code character varying(6) NOT NULL
);


ALTER TABLE public.learning_lecture OWNER TO slyeee;

--
-- Name: learning_lecture_id_seq; Type: SEQUENCE; Schema: public; Owner: slyeee
--

ALTER TABLE public.learning_lecture ALTER COLUMN id ADD GENERATED BY DEFAULT AS IDENTITY (
    SEQUENCE NAME public.learning_lecture_id_seq
    START WITH 1
    INCREMENT BY 1
    NO MINVALUE
    NO MAXVALUE
    CACHE 1
);


--
-- Name: learning_lecture_students; Type: TABLE; Schema: public; Owner: slyeee
--

CREATE TABLE public.learning_lecture_students (
    id integer NOT NULL,
    lecture_id bigint NOT NULL,
    user_id bigint NOT NULL
);


ALTER TABLE public.learning_lecture_students OWNER TO slyeee;

--
-- Name: learning_lecture_students_id_seq; Type: SEQUENCE; Schema: public; Owner: slyeee
--

ALTER TABLE public.learning_lecture_students ALTER COLUMN id ADD GENERATED BY DEFAULT AS IDENTITY (
    SEQUENCE NAME public.learning_lecture_students_id_seq
    START WITH 1
    INCREMENT BY 1
    NO MINVALUE
    NO MAXVALUE
    CACHE 1
);


--
-- Name: learning_quizattempt; Type: TABLE; Schema: public; Owner: slyeee
--

CREATE TABLE public.learning_quizattempt (
    id bigint NOT NULL,
    score integer NOT NULL,
    submitted_at timestamp with time zone NOT NULL,
    quiz_id bigint NOT NULL,
    student_id bigint NOT NULL,
    review_note text NOT NULL
);


ALTER TABLE public.learning_quizattempt OWNER TO slyeee;

--
-- Name: learning_quizattempt_id_seq; Type: SEQUENCE; Schema: public; Owner: slyeee
--

ALTER TABLE public.learning_quizattempt ALTER COLUMN id ADD GENERATED BY DEFAULT AS IDENTITY (
    SEQUENCE NAME public.learning_quizattempt_id_seq
    START WITH 1
    INCREMENT BY 1
    NO MINVALUE
    NO MAXVALUE
    CACHE 1
);


--
-- Name: learning_quizquestion; Type: TABLE; Schema: public; Owner: slyeee
--

CREATE TABLE public.learning_quizquestion (
    id bigint NOT NULL,
    question_text text NOT NULL,
    options jsonb NOT NULL,
    correct_answer character varying(255) NOT NULL,
    explanation text NOT NULL,
    quiz_id bigint NOT NULL
);


ALTER TABLE public.learning_quizquestion OWNER TO slyeee;

--
-- Name: learning_quizquestion_id_seq; Type: SEQUENCE; Schema: public; Owner: slyeee
--

ALTER TABLE public.learning_quizquestion ALTER COLUMN id ADD GENERATED BY DEFAULT AS IDENTITY (
    SEQUENCE NAME public.learning_quizquestion_id_seq
    START WITH 1
    INCREMENT BY 1
    NO MINVALUE
    NO MAXVALUE
    CACHE 1
);


--
-- Name: learning_sessionsummary; Type: TABLE; Schema: public; Owner: slyeee
--

CREATE TABLE public.learning_sessionsummary (
    id bigint NOT NULL,
    content_text text NOT NULL,
    raw_stt_link text,
    created_at timestamp with time zone NOT NULL,
    session_id bigint NOT NULL
);


ALTER TABLE public.learning_sessionsummary OWNER TO slyeee;

--
-- Name: learning_sessionsummary_id_seq; Type: SEQUENCE; Schema: public; Owner: slyeee
--

ALTER TABLE public.learning_sessionsummary ALTER COLUMN id ADD GENERATED BY DEFAULT AS IDENTITY (
    SEQUENCE NAME public.learning_sessionsummary_id_seq
    START WITH 1
    INCREMENT BY 1
    NO MINVALUE
    NO MAXVALUE
    CACHE 1
);


--
-- Name: learning_sttlog; Type: TABLE; Schema: public; Owner: slyeee
--

CREATE TABLE public.learning_sttlog (
    id bigint NOT NULL,
    sequence_order integer NOT NULL,
    text_chunk text NOT NULL,
    created_at timestamp with time zone NOT NULL,
    session_id bigint NOT NULL
);


ALTER TABLE public.learning_sttlog OWNER TO slyeee;

--
-- Name: learning_sttlog_id_seq; Type: SEQUENCE; Schema: public; Owner: slyeee
--

ALTER TABLE public.learning_sttlog ALTER COLUMN id ADD GENERATED BY DEFAULT AS IDENTITY (
    SEQUENCE NAME public.learning_sttlog_id_seq
    START WITH 1
    INCREMENT BY 1
    NO MINVALUE
    NO MAXVALUE
    CACHE 1
);


--
-- Name: learning_studentchecklist; Type: TABLE; Schema: public; Owner: slyeee
--

CREATE TABLE public.learning_studentchecklist (
    id bigint NOT NULL,
    is_checked boolean NOT NULL,
    updated_at timestamp with time zone NOT NULL,
    objective_id bigint NOT NULL,
    student_id bigint NOT NULL
);


ALTER TABLE public.learning_studentchecklist OWNER TO slyeee;

--
-- Name: learning_studentchecklist_id_seq; Type: SEQUENCE; Schema: public; Owner: slyeee
--

ALTER TABLE public.learning_studentchecklist ALTER COLUMN id ADD GENERATED BY DEFAULT AS IDENTITY (
    SEQUENCE NAME public.learning_studentchecklist_id_seq
    START WITH 1
    INCREMENT BY 1
    NO MINVALUE
    NO MAXVALUE
    CACHE 1
);


--
-- Name: learning_syllabus; Type: TABLE; Schema: public; Owner: slyeee
--

CREATE TABLE public.learning_syllabus (
    id bigint NOT NULL,
    week_number integer NOT NULL,
    title character varying(200) NOT NULL,
    description text NOT NULL,
    lecture_id bigint NOT NULL
);


ALTER TABLE public.learning_syllabus OWNER TO slyeee;

--
-- Name: learning_syllabus_id_seq; Type: SEQUENCE; Schema: public; Owner: slyeee
--

ALTER TABLE public.learning_syllabus ALTER COLUMN id ADD GENERATED BY DEFAULT AS IDENTITY (
    SEQUENCE NAME public.learning_syllabus_id_seq
    START WITH 1
    INCREMENT BY 1
    NO MINVALUE
    NO MAXVALUE
    CACHE 1
);


--
-- Name: learning_vectorstore; Type: TABLE; Schema: public; Owner: slyeee
--

CREATE TABLE public.learning_vectorstore (
    id bigint NOT NULL,
    content text NOT NULL,
    embedding public.vector(1536) NOT NULL,
    source_type character varying(50) NOT NULL,
    created_at timestamp with time zone NOT NULL,
    lecture_id bigint,
    session_id bigint
);


ALTER TABLE public.learning_vectorstore OWNER TO slyeee;

--
-- Name: learning_vectorstore_id_seq; Type: SEQUENCE; Schema: public; Owner: slyeee
--

ALTER TABLE public.learning_vectorstore ALTER COLUMN id ADD GENERATED BY DEFAULT AS IDENTITY (
    SEQUENCE NAME public.learning_vectorstore_id_seq
    START WITH 1
    INCREMENT BY 1
    NO MINVALUE
    NO MAXVALUE
    CACHE 1
);


--
-- Name: users_classgroup; Type: TABLE; Schema: public; Owner: slyeee
--

CREATE TABLE public.users_classgroup (
    id bigint NOT NULL,
    name character varying(100) NOT NULL,
    start_date date NOT NULL,
    end_date date NOT NULL,
    manager_id bigint
);


ALTER TABLE public.users_classgroup OWNER TO slyeee;

--
-- Name: users_classgroup_id_seq; Type: SEQUENCE; Schema: public; Owner: slyeee
--

ALTER TABLE public.users_classgroup ALTER COLUMN id ADD GENERATED BY DEFAULT AS IDENTITY (
    SEQUENCE NAME public.users_classgroup_id_seq
    START WITH 1
    INCREMENT BY 1
    NO MINVALUE
    NO MAXVALUE
    CACHE 1
);


--
-- Name: users_enrollment; Type: TABLE; Schema: public; Owner: slyeee
--

CREATE TABLE public.users_enrollment (
    id bigint NOT NULL,
    joined_at timestamp with time zone NOT NULL,
    class_group_id bigint NOT NULL,
    student_id bigint NOT NULL
);


ALTER TABLE public.users_enrollment OWNER TO slyeee;

--
-- Name: users_enrollment_id_seq; Type: SEQUENCE; Schema: public; Owner: slyeee
--

ALTER TABLE public.users_enrollment ALTER COLUMN id ADD GENERATED BY DEFAULT AS IDENTITY (
    SEQUENCE NAME public.users_enrollment_id_seq
    START WITH 1
    INCREMENT BY 1
    NO MINVALUE
    NO MAXVALUE
    CACHE 1
);


--
-- Name: users_user; Type: TABLE; Schema: public; Owner: slyeee
--

CREATE TABLE public.users_user (
    id bigint NOT NULL,
    password character varying(128) NOT NULL,
    last_login timestamp with time zone,
    is_superuser boolean NOT NULL,
    username character varying(150) NOT NULL,
    first_name character varying(150) NOT NULL,
    last_name character varying(150) NOT NULL,
    email character varying(254) NOT NULL,
    is_staff boolean NOT NULL,
    is_active boolean NOT NULL,
    date_joined timestamp with time zone NOT NULL,
    role character varying(20) NOT NULL,
    goal_type character varying(50),
    birth_date date,
    last_birth_date_change timestamp with time zone,
    risk_level character varying(10) DEFAULT 'LOW'::character varying,
    center_id integer
);


ALTER TABLE public.users_user OWNER TO slyeee;

--
-- Name: users_user_groups; Type: TABLE; Schema: public; Owner: slyeee
--

CREATE TABLE public.users_user_groups (
    id integer NOT NULL,
    user_id bigint NOT NULL,
    group_id integer NOT NULL
);


ALTER TABLE public.users_user_groups OWNER TO slyeee;

--
-- Name: users_user_groups_id_seq; Type: SEQUENCE; Schema: public; Owner: slyeee
--

ALTER TABLE public.users_user_groups ALTER COLUMN id ADD GENERATED BY DEFAULT AS IDENTITY (
    SEQUENCE NAME public.users_user_groups_id_seq
    START WITH 1
    INCREMENT BY 1
    NO MINVALUE
    NO MAXVALUE
    CACHE 1
);


--
-- Name: users_user_id_seq; Type: SEQUENCE; Schema: public; Owner: slyeee
--

ALTER TABLE public.users_user ALTER COLUMN id ADD GENERATED BY DEFAULT AS IDENTITY (
    SEQUENCE NAME public.users_user_id_seq
    START WITH 1
    INCREMENT BY 1
    NO MINVALUE
    NO MAXVALUE
    CACHE 1
);


--
-- Name: users_user_user_permissions; Type: TABLE; Schema: public; Owner: slyeee
--

CREATE TABLE public.users_user_user_permissions (
    id integer NOT NULL,
    user_id bigint NOT NULL,
    permission_id integer NOT NULL
);


ALTER TABLE public.users_user_user_permissions OWNER TO slyeee;

--
-- Name: users_user_user_permissions_id_seq; Type: SEQUENCE; Schema: public; Owner: slyeee
--

ALTER TABLE public.users_user_user_permissions ALTER COLUMN id ADD GENERATED BY DEFAULT AS IDENTITY (
    SEQUENCE NAME public.users_user_user_permissions_id_seq
    START WITH 1
    INCREMENT BY 1
    NO MINVALUE
    NO MAXVALUE
    CACHE 1
);


--
-- Data for Name: auth_group; Type: TABLE DATA; Schema: public; Owner: slyeee
--

COPY public.auth_group (id, name) FROM stdin;
\.


--
-- Data for Name: auth_group_permissions; Type: TABLE DATA; Schema: public; Owner: slyeee
--

COPY public.auth_group_permissions (id, group_id, permission_id) FROM stdin;
\.


--
-- Data for Name: auth_permission; Type: TABLE DATA; Schema: public; Owner: slyeee
--

COPY public.auth_permission (id, name, content_type_id, codename) FROM stdin;
1	Can add log entry	1	add_logentry
2	Can change log entry	1	change_logentry
3	Can delete log entry	1	delete_logentry
4	Can view log entry	1	view_logentry
5	Can add permission	2	add_permission
6	Can change permission	2	change_permission
7	Can delete permission	2	delete_permission
8	Can view permission	2	view_permission
9	Can add group	3	add_group
10	Can change group	3	change_group
11	Can delete group	3	delete_group
12	Can view group	3	view_group
13	Can add content type	4	add_contenttype
14	Can change content type	4	change_contenttype
15	Can delete content type	4	delete_contenttype
16	Can view content type	4	view_contenttype
17	Can add session	5	add_session
18	Can change session	5	change_session
19	Can delete session	5	delete_session
20	Can view session	5	view_session
21	Can add user	6	add_user
22	Can change user	6	change_user
23	Can delete user	6	delete_user
24	Can view user	6	view_user
25	Can add class group	7	add_classgroup
26	Can change class group	7	change_classgroup
27	Can delete class group	7	delete_classgroup
28	Can view class group	7	view_classgroup
29	Can add enrollment	8	add_enrollment
30	Can change enrollment	8	change_enrollment
31	Can delete enrollment	8	delete_enrollment
32	Can view enrollment	8	view_enrollment
33	Can add course section	9	add_coursesection
34	Can change course section	9	change_coursesection
35	Can delete course section	9	delete_coursesection
36	Can view course section	9	view_coursesection
37	Can add attempt detail	10	add_attemptdetail
38	Can change attempt detail	10	change_attemptdetail
39	Can delete attempt detail	10	delete_attemptdetail
40	Can view attempt detail	10	view_attemptdetail
41	Can add learning session	11	add_learningsession
42	Can change learning session	11	change_learningsession
43	Can delete learning session	11	delete_learningsession
44	Can view learning session	11	view_learningsession
45	Can add quiz attempt	12	add_quizattempt
46	Can change quiz attempt	12	change_quizattempt
47	Can delete quiz attempt	12	delete_quizattempt
48	Can view quiz attempt	12	view_quizattempt
49	Can add quiz question	13	add_quizquestion
50	Can change quiz question	13	change_quizquestion
51	Can delete quiz question	13	delete_quizquestion
52	Can view quiz question	13	view_quizquestion
53	Can add session summary	14	add_sessionsummary
54	Can change session summary	14	change_sessionsummary
55	Can delete session summary	14	delete_sessionsummary
56	Can view session summary	14	view_sessionsummary
57	Can add stt log	15	add_sttlog
58	Can change stt log	15	change_sttlog
59	Can delete stt log	15	delete_sttlog
60	Can view stt log	15	view_sttlog
61	Can add daily quiz	16	add_dailyquiz
62	Can change daily quiz	16	change_dailyquiz
63	Can delete daily quiz	16	delete_dailyquiz
64	Can view daily quiz	16	view_dailyquiz
65	Can add lecture	17	add_lecture
66	Can change lecture	17	change_lecture
67	Can delete lecture	17	delete_lecture
68	Can view lecture	17	view_lecture
69	Can add portfolio	18	add_portfolio
70	Can change portfolio	18	change_portfolio
71	Can delete portfolio	18	delete_portfolio
72	Can view portfolio	18	view_portfolio
73	Can add vector store	19	add_vectorstore
74	Can change vector store	19	change_vectorstore
75	Can delete vector store	19	delete_vectorstore
76	Can view vector store	19	view_vectorstore
77	Can add student checklist	20	add_studentchecklist
78	Can change student checklist	20	change_studentchecklist
79	Can delete student checklist	20	delete_studentchecklist
80	Can view student checklist	20	view_studentchecklist
81	Can add learning objective	21	add_learningobjective
82	Can change learning objective	21	change_learningobjective
83	Can delete learning objective	21	delete_learningobjective
84	Can view learning objective	21	view_learningobjective
85	Can add syllabus	22	add_syllabus
86	Can change syllabus	22	change_syllabus
87	Can delete syllabus	22	delete_syllabus
88	Can view syllabus	22	view_syllabus
89	Can add interview exchange	23	add_interviewexchange
90	Can change interview exchange	23	change_interviewexchange
91	Can delete interview exchange	23	delete_interviewexchange
92	Can view interview exchange	23	view_interviewexchange
93	Can add mock interview	24	add_mockinterview
94	Can change mock interview	24	change_mockinterview
95	Can delete mock interview	24	delete_mockinterview
96	Can view mock interview	24	view_mockinterview
\.


--
-- Data for Name: career_interviewexchange; Type: TABLE DATA; Schema: public; Owner: slyeee
--

COPY public.career_interviewexchange (id, question, answer, feedback, score, "order", created_at, interview_id) FROM stdin;
\.


--
-- Data for Name: career_mockinterview; Type: TABLE DATA; Schema: public; Owner: slyeee
--

COPY public.career_mockinterview (id, persona, status, created_at, portfolio_id, student_id) FROM stdin;
\.


--
-- Data for Name: career_portfolio; Type: TABLE DATA; Schema: public; Owner: slyeee
--

COPY public.career_portfolio (id, portfolio_type, title, content, created_at, student_id) FROM stdin;
\.


--
-- Data for Name: centers_center; Type: TABLE DATA; Schema: public; Owner: slyeee
--

COPY public.centers_center (id, name, code, created_at) FROM stdin;
\.


--
-- Data for Name: courses_coursesection; Type: TABLE DATA; Schema: public; Owner: slyeee
--

COPY public.courses_coursesection (id, title, day_sequence, description) FROM stdin;
1	일반 학습	1	자동 생성된 기본 섹션
\.


--
-- Data for Name: diaries; Type: TABLE DATA; Schema: public; Owner: slyeee
--

COPY public.diaries (id, event, mood_intensity, emotion_desc, emotion_meaning, self_talk, ai_comment, ai_emotion, safety_flag, created_at, user_id) FROM stdin;
\.


--
-- Data for Name: django_admin_log; Type: TABLE DATA; Schema: public; Owner: slyeee
--

COPY public.django_admin_log (id, action_time, object_id, object_repr, action_flag, change_message, content_type_id, user_id) FROM stdin;
\.


--
-- Data for Name: django_content_type; Type: TABLE DATA; Schema: public; Owner: slyeee
--

COPY public.django_content_type (id, app_label, model) FROM stdin;
1	admin	logentry
2	auth	permission
3	auth	group
4	contenttypes	contenttype
5	sessions	session
6	users	user
7	users	classgroup
8	users	enrollment
9	courses	coursesection
10	learning	attemptdetail
11	learning	learningsession
12	learning	quizattempt
13	learning	quizquestion
14	learning	sessionsummary
15	learning	sttlog
16	learning	dailyquiz
17	learning	lecture
18	career	portfolio
19	learning	vectorstore
20	learning	studentchecklist
21	learning	learningobjective
22	learning	syllabus
23	career	interviewexchange
24	career	mockinterview
\.


--
-- Data for Name: django_migrations; Type: TABLE DATA; Schema: public; Owner: slyeee
--

COPY public.django_migrations (id, app, name, applied) FROM stdin;
1	contenttypes	0001_initial	2026-02-07 13:53:07.033396+09
2	contenttypes	0002_remove_content_type_name	2026-02-07 13:53:07.03659+09
3	auth	0001_initial	2026-02-07 13:53:07.056374+09
4	auth	0002_alter_permission_name_max_length	2026-02-07 13:53:07.059202+09
5	auth	0003_alter_user_email_max_length	2026-02-07 13:53:07.060735+09
6	auth	0004_alter_user_username_opts	2026-02-07 13:53:07.062243+09
7	auth	0005_alter_user_last_login_null	2026-02-07 13:53:07.063785+09
8	auth	0006_require_contenttypes_0002	2026-02-07 13:53:07.064264+09
9	auth	0007_alter_validators_add_error_messages	2026-02-07 13:53:07.065844+09
10	auth	0008_alter_user_username_max_length	2026-02-07 13:53:07.067806+09
11	auth	0009_alter_user_last_name_max_length	2026-02-07 13:53:07.069302+09
12	auth	0010_alter_group_name_max_length	2026-02-07 13:53:07.071404+09
13	auth	0011_update_proxy_permissions	2026-02-07 13:53:07.072982+09
14	auth	0012_alter_user_first_name_max_length	2026-02-07 13:53:07.074979+09
15	users	0001_initial	2026-02-07 13:53:07.108864+09
16	admin	0001_initial	2026-02-07 13:53:07.121291+09
17	admin	0002_logentry_remove_auto_add	2026-02-07 13:53:07.124347+09
18	admin	0003_logentry_add_action_flag_choices	2026-02-07 13:53:07.127141+09
19	career	0001_initial	2026-02-07 13:53:07.17386+09
20	courses	0001_initial	2026-02-07 13:53:07.176669+09
21	learning	0001_initial	2026-02-07 13:53:07.19674+09
22	learning	0002_initial	2026-02-07 13:53:07.250075+09
23	learning	0003_alter_learningsession_section	2026-02-07 13:53:07.264313+09
24	learning	0004_learningsession_youtube_url	2026-02-07 13:53:07.269555+09
25	learning	0005_lecture_learningsession_lecture	2026-02-07 13:53:07.288421+09
26	learning	0006_lecture_access_code	2026-02-07 13:53:07.296325+09
27	sessions	0001_initial	2026-02-07 13:53:07.301096+09
28	learning	0007_alter_dailyquiz_section_vectorstore	2026-02-07 13:56:26.51081+09
29	learning	0008_learningsession_context_summary_and_more	2026-02-07 14:14:56.095391+09
30	learning	0009_syllabus_learningobjective_studentchecklist	2026-02-10 12:13:41.790259+09
31	career	0002_mockinterview_interviewexchange	2026-02-10 14:38:36.260066+09
32	learning	0010_quizattempt_review_note	2026-02-10 15:50:50.074639+09
33	users	0002_user_birth_date	2026-02-11 21:20:59.963569+09
34	users	0003_user_last_birth_date_change	2026-02-11 21:50:10.194739+09
\.


--
-- Data for Name: django_session; Type: TABLE DATA; Schema: public; Owner: slyeee
--

COPY public.django_session (session_key, session_data, expire_date) FROM stdin;
\.


--
-- Data for Name: learning_attemptdetail; Type: TABLE DATA; Schema: public; Owner: slyeee
--

COPY public.learning_attemptdetail (id, student_answer, is_correct, attempt_id, question_id) FROM stdin;
66	초기 로딩 후 빠른 화면 전환	t	14	146
67	컴포넌트 기반 개발	t	14	147
68	초기 로딩 이후 빠른 UI 반응 속도	t	14	148
69	서버 요청을 통한 갱신	f	14	149
70	SSR, CSR 및 Static Site Generation 지원	t	14	150
71	파워소드	t	15	151
72	붉은 눈과 사냥 해골이 달린 지팡이	t	15	152
73	전쟁으로부터 보호하기 위해	t	15	153
74	배틀캣	t	15	154
75	이터니아	f	15	155
\.


--
-- Data for Name: learning_dailyquiz; Type: TABLE DATA; Schema: public; Owner: slyeee
--

COPY public.learning_dailyquiz (id, quiz_date, total_score, is_passed, created_at, section_id, student_id) FROM stdin;
30	2026-02-07	80	t	2026-02-08 10:06:46.277561+09	1	4
31	2026-02-08	80	t	2026-02-08 15:33:36.83087+09	1	4
\.


--
-- Data for Name: learning_learningobjective; Type: TABLE DATA; Schema: public; Owner: slyeee
--

COPY public.learning_learningobjective (id, content, "order", syllabus_id) FROM stdin;
\.


--
-- Data for Name: learning_learningsession; Type: TABLE DATA; Schema: public; Owner: slyeee
--

COPY public.learning_learningsession (id, session_date, session_order, start_time, end_time, is_completed, section_id, student_id, youtube_url, lecture_id, context_summary, last_compressed_at) FROM stdin;
\.


--
-- Data for Name: learning_lecture; Type: TABLE DATA; Schema: public; Owner: slyeee
--

COPY public.learning_lecture (id, title, created_at, instructor_id, access_code) FROM stdin;
\.


--
-- Data for Name: learning_lecture_students; Type: TABLE DATA; Schema: public; Owner: slyeee
--

COPY public.learning_lecture_students (id, lecture_id, user_id) FROM stdin;
\.


--
-- Data for Name: learning_quizattempt; Type: TABLE DATA; Schema: public; Owner: slyeee
--

COPY public.learning_quizattempt (id, score, submitted_at, quiz_id, student_id, review_note) FROM stdin;
14	80	2026-02-08 10:07:17.767118+09	30	4	
15	80	2026-02-08 15:34:07.334976+09	31	4	
\.


--
-- Data for Name: learning_quizquestion; Type: TABLE DATA; Schema: public; Owner: slyeee
--

COPY public.learning_quizquestion (id, question_text, options, correct_answer, explanation, quiz_id) FROM stdin;
146	싱글 페이지 애플리케이션(SPA)의 주요 특징은 무엇인가?	["초기 로딩 후 빠른 화면 전환", "서버 사이드 렌더링", "데이터베이스 관리", "운영체제 개발"]	초기 로딩 후 빠른 화면 전환	SPA는 클라이언트 사이드 렌더링을 통해 초기 로드 후 빠른 화면 전환을 제공합니다.	30
147	Vue와 React의 공통점은 무엇인가?	["컴포넌트 기반 개발", "서버 사이드 렌더링 전용", "데이터베이스 관리", "운영체제 개발"]	컴포넌트 기반 개발	Vue와 React는 컴포넌트 기반 개발 방식을 사용하여 소스 코드의 재사용성과 유지보수성을 높입니다.	30
148	CSR(Client-Side Rendering)의 장점은 무엇인가?	["초기 로딩 이후 빠른 UI 반응 속도", "서버 부하 증가", "데이터베이스 최적화", "운영체제 성능 향상"]	초기 로딩 이후 빠른 UI 반응 속도	CSR은 클라이언트 측에서 자바스크립트를 통해 화면을 렌더링하여 초기 로딩 이후 UI 반응 속도가 빠릅니다.	30
149	SPA에서 URL 변경 시 화면을 갱신하는 방식은?	["클라이언트 내에서 화면 갱신", "서버 요청을 통한 갱신", "데이터베이스 갱신", "운영체제 갱신"]	클라이언트 내에서 화면 갱신	SPA는 서버에서 모든 페이지를 미리 가져오고, URL 변경에 따라 클라이언트 내에서 화면을 갱신합니다.	30
150	Next.js와 Nuxt.js의 공통 기능은 무엇인가?	["SSR, CSR 및 Static Site Generation 지원", "데이터베이스 관리", "운영체제 개발", "하드웨어 제어"]	SSR, CSR 및 Static Site Generation 지원	Next.js 및 Nuxt.js는 SPA의 단점을 보완하기 위해 SSR, CSR 및 Static Site Generation 기능을 제공합니다.	30
151	아담이 히맨으로 변신하는 데 필요한 것은?	["파워소드", "마법의 반지", "이터니아의 왕관", "스켈레토의 지팡이"]	파워소드	아담은 파워소드를 통해 히맨으로 변신합니다.	31
152	스켈레토의 주요 특징은 무엇인가?	["붉은 눈과 사냥 해골이 달린 지팡이", "파란 머리카락과 날개", "황금 갑옷과 방패", "은색 칼과 방패"]	붉은 눈과 사냥 해골이 달린 지팡이	스켈레토는 붉은 눈과 사냥 해골이 달린 지팡이를 가지고 있습니다.	31
153	아담이 지구에서 평범한 삶을 살게 된 이유는?	["전쟁으로부터 보호하기 위해", "마법을 배우기 위해", "가족과 함께 살기 위해", "새로운 직업을 찾기 위해"]	전쟁으로부터 보호하기 위해	아담은 전쟁으로부터 보호받기 위해 지구에서 평범한 삶을 살게 됩니다.	31
154	히맨의 반려호랑이 크린저는 변신 후 어떤 이름을 갖게 되나요?	["배틀캣", "타이거맨", "워리어캣", "파워타이거"]	배틀캣	크린저는 히맨과 함께 변신하여 배틀캣이 됩니다.	31
155	이번 작품에서 아담이 히맨으로 변신할 때 외치는 대사는 무엇과 관련이 있나요?	["파워소드", "이터니아", "스켈레토", "크린저"]	파워소드	히맨의 변신 장면은 파워소드를 하늘로 들고 외치는 대사가 주요 포인트입니다.	31
\.


--
-- Data for Name: learning_sessionsummary; Type: TABLE DATA; Schema: public; Owner: slyeee
--

COPY public.learning_sessionsummary (id, content_text, raw_stt_link, created_at, session_id) FROM stdin;
\.


--
-- Data for Name: learning_sttlog; Type: TABLE DATA; Schema: public; Owner: slyeee
--

COPY public.learning_sttlog (id, sequence_order, text_chunk, created_at, session_id) FROM stdin;
\.


--
-- Data for Name: learning_studentchecklist; Type: TABLE DATA; Schema: public; Owner: slyeee
--

COPY public.learning_studentchecklist (id, is_checked, updated_at, objective_id, student_id) FROM stdin;
\.


--
-- Data for Name: learning_syllabus; Type: TABLE DATA; Schema: public; Owner: slyeee
--

COPY public.learning_syllabus (id, week_number, title, description, lecture_id) FROM stdin;
\.


--
-- Data for Name: learning_vectorstore; Type: TABLE DATA; Schema: public; Owner: slyeee
--

COPY public.learning_vectorstore (id, content, embedding, source_type, created_at, lecture_id, session_id) FROM stdin;
\.


--
-- Data for Name: users_classgroup; Type: TABLE DATA; Schema: public; Owner: slyeee
--

COPY public.users_classgroup (id, name, start_date, end_date, manager_id) FROM stdin;
\.


--
-- Data for Name: users_enrollment; Type: TABLE DATA; Schema: public; Owner: slyeee
--

COPY public.users_enrollment (id, joined_at, class_group_id, student_id) FROM stdin;
\.


--
-- Data for Name: users_user; Type: TABLE DATA; Schema: public; Owner: slyeee
--

COPY public.users_user (id, password, last_login, is_superuser, username, first_name, last_name, email, is_staff, is_active, date_joined, role, goal_type, birth_date, last_birth_date_change, risk_level, center_id) FROM stdin;
4	pbkdf2_sha256$1000000$zDsl7Y2UTCEJWbueEYjDIm$lR+aAv6fl0vxIA4Pev9RYvbS80OtbdixCwpgvD0WaQg=	\N	f	slyeee			test@test.com	f	t	2026-02-07 16:13:48.860014+09	student		1986-03-11	\N	LOW	\N
8	pbkdf2_sha256$1000000$PTK5IMEcHBGeCfqOUXjZ1D$+vHQLeeodJI28CRcxLqRaNZ2hTdNeUhSTPSst721KhE=	\N	t	admin			admin@example.com	t	t	2026-02-15 21:12:17.699179+09	admin	\N	\N	\N	LOW	\N
\.


--
-- Data for Name: users_user_groups; Type: TABLE DATA; Schema: public; Owner: slyeee
--

COPY public.users_user_groups (id, user_id, group_id) FROM stdin;
\.


--
-- Data for Name: users_user_user_permissions; Type: TABLE DATA; Schema: public; Owner: slyeee
--

COPY public.users_user_user_permissions (id, user_id, permission_id) FROM stdin;
\.


--
-- Name: auth_group_id_seq; Type: SEQUENCE SET; Schema: public; Owner: slyeee
--

SELECT pg_catalog.setval('public.auth_group_id_seq', 1, false);


--
-- Name: auth_group_permissions_id_seq; Type: SEQUENCE SET; Schema: public; Owner: slyeee
--

SELECT pg_catalog.setval('public.auth_group_permissions_id_seq', 1, false);


--
-- Name: auth_permission_id_seq; Type: SEQUENCE SET; Schema: public; Owner: slyeee
--

SELECT pg_catalog.setval('public.auth_permission_id_seq', 96, true);


--
-- Name: career_interviewexchange_id_seq; Type: SEQUENCE SET; Schema: public; Owner: slyeee
--

SELECT pg_catalog.setval('public.career_interviewexchange_id_seq', 37, true);


--
-- Name: career_mockinterview_id_seq; Type: SEQUENCE SET; Schema: public; Owner: slyeee
--

SELECT pg_catalog.setval('public.career_mockinterview_id_seq', 8, true);


--
-- Name: career_portfolio_id_seq; Type: SEQUENCE SET; Schema: public; Owner: slyeee
--

SELECT pg_catalog.setval('public.career_portfolio_id_seq', 2, true);


--
-- Name: centers_center_id_seq; Type: SEQUENCE SET; Schema: public; Owner: slyeee
--

SELECT pg_catalog.setval('public.centers_center_id_seq', 1, false);


--
-- Name: courses_coursesection_id_seq; Type: SEQUENCE SET; Schema: public; Owner: slyeee
--

SELECT pg_catalog.setval('public.courses_coursesection_id_seq', 1, true);


--
-- Name: diaries_id_seq; Type: SEQUENCE SET; Schema: public; Owner: slyeee
--

SELECT pg_catalog.setval('public.diaries_id_seq', 1, false);


--
-- Name: django_admin_log_id_seq; Type: SEQUENCE SET; Schema: public; Owner: slyeee
--

SELECT pg_catalog.setval('public.django_admin_log_id_seq', 1, false);


--
-- Name: django_content_type_id_seq; Type: SEQUENCE SET; Schema: public; Owner: slyeee
--

SELECT pg_catalog.setval('public.django_content_type_id_seq', 24, true);


--
-- Name: django_migrations_id_seq; Type: SEQUENCE SET; Schema: public; Owner: slyeee
--

SELECT pg_catalog.setval('public.django_migrations_id_seq', 34, true);


--
-- Name: learning_attemptdetail_id_seq; Type: SEQUENCE SET; Schema: public; Owner: slyeee
--

SELECT pg_catalog.setval('public.learning_attemptdetail_id_seq', 130, true);


--
-- Name: learning_dailyquiz_id_seq; Type: SEQUENCE SET; Schema: public; Owner: slyeee
--

SELECT pg_catalog.setval('public.learning_dailyquiz_id_seq', 41, true);


--
-- Name: learning_learningobjective_id_seq; Type: SEQUENCE SET; Schema: public; Owner: slyeee
--

SELECT pg_catalog.setval('public.learning_learningobjective_id_seq', 28, true);


--
-- Name: learning_learningsession_id_seq; Type: SEQUENCE SET; Schema: public; Owner: slyeee
--

SELECT pg_catalog.setval('public.learning_learningsession_id_seq', 58, true);


--
-- Name: learning_lecture_id_seq; Type: SEQUENCE SET; Schema: public; Owner: slyeee
--

SELECT pg_catalog.setval('public.learning_lecture_id_seq', 8, true);


--
-- Name: learning_lecture_students_id_seq; Type: SEQUENCE SET; Schema: public; Owner: slyeee
--

SELECT pg_catalog.setval('public.learning_lecture_students_id_seq', 2, true);


--
-- Name: learning_quizattempt_id_seq; Type: SEQUENCE SET; Schema: public; Owner: slyeee
--

SELECT pg_catalog.setval('public.learning_quizattempt_id_seq', 26, true);


--
-- Name: learning_quizquestion_id_seq; Type: SEQUENCE SET; Schema: public; Owner: slyeee
--

SELECT pg_catalog.setval('public.learning_quizquestion_id_seq', 205, true);


--
-- Name: learning_sessionsummary_id_seq; Type: SEQUENCE SET; Schema: public; Owner: slyeee
--

SELECT pg_catalog.setval('public.learning_sessionsummary_id_seq', 28, true);


--
-- Name: learning_sttlog_id_seq; Type: SEQUENCE SET; Schema: public; Owner: slyeee
--

SELECT pg_catalog.setval('public.learning_sttlog_id_seq', 2860, true);


--
-- Name: learning_studentchecklist_id_seq; Type: SEQUENCE SET; Schema: public; Owner: slyeee
--

SELECT pg_catalog.setval('public.learning_studentchecklist_id_seq', 29, true);


--
-- Name: learning_syllabus_id_seq; Type: SEQUENCE SET; Schema: public; Owner: slyeee
--

SELECT pg_catalog.setval('public.learning_syllabus_id_seq', 7, true);


--
-- Name: learning_vectorstore_id_seq; Type: SEQUENCE SET; Schema: public; Owner: slyeee
--

SELECT pg_catalog.setval('public.learning_vectorstore_id_seq', 109, true);


--
-- Name: users_classgroup_id_seq; Type: SEQUENCE SET; Schema: public; Owner: slyeee
--

SELECT pg_catalog.setval('public.users_classgroup_id_seq', 1, false);


--
-- Name: users_enrollment_id_seq; Type: SEQUENCE SET; Schema: public; Owner: slyeee
--

SELECT pg_catalog.setval('public.users_enrollment_id_seq', 1, false);


--
-- Name: users_user_groups_id_seq; Type: SEQUENCE SET; Schema: public; Owner: slyeee
--

SELECT pg_catalog.setval('public.users_user_groups_id_seq', 1, false);


--
-- Name: users_user_id_seq; Type: SEQUENCE SET; Schema: public; Owner: slyeee
--

SELECT pg_catalog.setval('public.users_user_id_seq', 8, true);


--
-- Name: users_user_user_permissions_id_seq; Type: SEQUENCE SET; Schema: public; Owner: slyeee
--

SELECT pg_catalog.setval('public.users_user_user_permissions_id_seq', 1, false);


--
-- Name: auth_group auth_group_name_key; Type: CONSTRAINT; Schema: public; Owner: slyeee
--

ALTER TABLE ONLY public.auth_group
    ADD CONSTRAINT auth_group_name_key UNIQUE (name);


--
-- Name: auth_group_permissions auth_group_permissions_group_id_permission_id_0cd325b0_uniq; Type: CONSTRAINT; Schema: public; Owner: slyeee
--

ALTER TABLE ONLY public.auth_group_permissions
    ADD CONSTRAINT auth_group_permissions_group_id_permission_id_0cd325b0_uniq UNIQUE (group_id, permission_id);


--
-- Name: auth_group_permissions auth_group_permissions_pkey; Type: CONSTRAINT; Schema: public; Owner: slyeee
--

ALTER TABLE ONLY public.auth_group_permissions
    ADD CONSTRAINT auth_group_permissions_pkey PRIMARY KEY (id);


--
-- Name: auth_group auth_group_pkey; Type: CONSTRAINT; Schema: public; Owner: slyeee
--

ALTER TABLE ONLY public.auth_group
    ADD CONSTRAINT auth_group_pkey PRIMARY KEY (id);


--
-- Name: auth_permission auth_permission_content_type_id_codename_01ab375a_uniq; Type: CONSTRAINT; Schema: public; Owner: slyeee
--

ALTER TABLE ONLY public.auth_permission
    ADD CONSTRAINT auth_permission_content_type_id_codename_01ab375a_uniq UNIQUE (content_type_id, codename);


--
-- Name: auth_permission auth_permission_pkey; Type: CONSTRAINT; Schema: public; Owner: slyeee
--

ALTER TABLE ONLY public.auth_permission
    ADD CONSTRAINT auth_permission_pkey PRIMARY KEY (id);


--
-- Name: career_interviewexchange career_interviewexchange_pkey; Type: CONSTRAINT; Schema: public; Owner: slyeee
--

ALTER TABLE ONLY public.career_interviewexchange
    ADD CONSTRAINT career_interviewexchange_pkey PRIMARY KEY (id);


--
-- Name: career_mockinterview career_mockinterview_pkey; Type: CONSTRAINT; Schema: public; Owner: slyeee
--

ALTER TABLE ONLY public.career_mockinterview
    ADD CONSTRAINT career_mockinterview_pkey PRIMARY KEY (id);


--
-- Name: career_portfolio career_portfolio_pkey; Type: CONSTRAINT; Schema: public; Owner: slyeee
--

ALTER TABLE ONLY public.career_portfolio
    ADD CONSTRAINT career_portfolio_pkey PRIMARY KEY (id);


--
-- Name: centers_center centers_center_code_key; Type: CONSTRAINT; Schema: public; Owner: slyeee
--

ALTER TABLE ONLY public.centers_center
    ADD CONSTRAINT centers_center_code_key UNIQUE (code);


--
-- Name: centers_center centers_center_pkey; Type: CONSTRAINT; Schema: public; Owner: slyeee
--

ALTER TABLE ONLY public.centers_center
    ADD CONSTRAINT centers_center_pkey PRIMARY KEY (id);


--
-- Name: courses_coursesection courses_coursesection_pkey; Type: CONSTRAINT; Schema: public; Owner: slyeee
--

ALTER TABLE ONLY public.courses_coursesection
    ADD CONSTRAINT courses_coursesection_pkey PRIMARY KEY (id);


--
-- Name: diaries diaries_pkey; Type: CONSTRAINT; Schema: public; Owner: slyeee
--

ALTER TABLE ONLY public.diaries
    ADD CONSTRAINT diaries_pkey PRIMARY KEY (id);


--
-- Name: django_admin_log django_admin_log_pkey; Type: CONSTRAINT; Schema: public; Owner: slyeee
--

ALTER TABLE ONLY public.django_admin_log
    ADD CONSTRAINT django_admin_log_pkey PRIMARY KEY (id);


--
-- Name: django_content_type django_content_type_app_label_model_76bd3d3b_uniq; Type: CONSTRAINT; Schema: public; Owner: slyeee
--

ALTER TABLE ONLY public.django_content_type
    ADD CONSTRAINT django_content_type_app_label_model_76bd3d3b_uniq UNIQUE (app_label, model);


--
-- Name: django_content_type django_content_type_pkey; Type: CONSTRAINT; Schema: public; Owner: slyeee
--

ALTER TABLE ONLY public.django_content_type
    ADD CONSTRAINT django_content_type_pkey PRIMARY KEY (id);


--
-- Name: django_migrations django_migrations_pkey; Type: CONSTRAINT; Schema: public; Owner: slyeee
--

ALTER TABLE ONLY public.django_migrations
    ADD CONSTRAINT django_migrations_pkey PRIMARY KEY (id);


--
-- Name: django_session django_session_pkey; Type: CONSTRAINT; Schema: public; Owner: slyeee
--

ALTER TABLE ONLY public.django_session
    ADD CONSTRAINT django_session_pkey PRIMARY KEY (session_key);


--
-- Name: learning_attemptdetail learning_attemptdetail_pkey; Type: CONSTRAINT; Schema: public; Owner: slyeee
--

ALTER TABLE ONLY public.learning_attemptdetail
    ADD CONSTRAINT learning_attemptdetail_pkey PRIMARY KEY (id);


--
-- Name: learning_dailyquiz learning_dailyquiz_pkey; Type: CONSTRAINT; Schema: public; Owner: slyeee
--

ALTER TABLE ONLY public.learning_dailyquiz
    ADD CONSTRAINT learning_dailyquiz_pkey PRIMARY KEY (id);


--
-- Name: learning_learningobjective learning_learningobjective_pkey; Type: CONSTRAINT; Schema: public; Owner: slyeee
--

ALTER TABLE ONLY public.learning_learningobjective
    ADD CONSTRAINT learning_learningobjective_pkey PRIMARY KEY (id);


--
-- Name: learning_learningsession learning_learningsession_pkey; Type: CONSTRAINT; Schema: public; Owner: slyeee
--

ALTER TABLE ONLY public.learning_learningsession
    ADD CONSTRAINT learning_learningsession_pkey PRIMARY KEY (id);


--
-- Name: learning_lecture learning_lecture_access_code_key; Type: CONSTRAINT; Schema: public; Owner: slyeee
--

ALTER TABLE ONLY public.learning_lecture
    ADD CONSTRAINT learning_lecture_access_code_key UNIQUE (access_code);


--
-- Name: learning_lecture learning_lecture_pkey; Type: CONSTRAINT; Schema: public; Owner: slyeee
--

ALTER TABLE ONLY public.learning_lecture
    ADD CONSTRAINT learning_lecture_pkey PRIMARY KEY (id);


--
-- Name: learning_lecture_students learning_lecture_students_lecture_id_user_id_6cc5aaa1_uniq; Type: CONSTRAINT; Schema: public; Owner: slyeee
--

ALTER TABLE ONLY public.learning_lecture_students
    ADD CONSTRAINT learning_lecture_students_lecture_id_user_id_6cc5aaa1_uniq UNIQUE (lecture_id, user_id);


--
-- Name: learning_lecture_students learning_lecture_students_pkey; Type: CONSTRAINT; Schema: public; Owner: slyeee
--

ALTER TABLE ONLY public.learning_lecture_students
    ADD CONSTRAINT learning_lecture_students_pkey PRIMARY KEY (id);


--
-- Name: learning_quizattempt learning_quizattempt_pkey; Type: CONSTRAINT; Schema: public; Owner: slyeee
--

ALTER TABLE ONLY public.learning_quizattempt
    ADD CONSTRAINT learning_quizattempt_pkey PRIMARY KEY (id);


--
-- Name: learning_quizquestion learning_quizquestion_pkey; Type: CONSTRAINT; Schema: public; Owner: slyeee
--

ALTER TABLE ONLY public.learning_quizquestion
    ADD CONSTRAINT learning_quizquestion_pkey PRIMARY KEY (id);


--
-- Name: learning_sessionsummary learning_sessionsummary_pkey; Type: CONSTRAINT; Schema: public; Owner: slyeee
--

ALTER TABLE ONLY public.learning_sessionsummary
    ADD CONSTRAINT learning_sessionsummary_pkey PRIMARY KEY (id);


--
-- Name: learning_sttlog learning_sttlog_pkey; Type: CONSTRAINT; Schema: public; Owner: slyeee
--

ALTER TABLE ONLY public.learning_sttlog
    ADD CONSTRAINT learning_sttlog_pkey PRIMARY KEY (id);


--
-- Name: learning_studentchecklist learning_studentchecklist_pkey; Type: CONSTRAINT; Schema: public; Owner: slyeee
--

ALTER TABLE ONLY public.learning_studentchecklist
    ADD CONSTRAINT learning_studentchecklist_pkey PRIMARY KEY (id);


--
-- Name: learning_studentchecklist learning_studentchecklist_student_id_objective_id_c46a1bef_uniq; Type: CONSTRAINT; Schema: public; Owner: slyeee
--

ALTER TABLE ONLY public.learning_studentchecklist
    ADD CONSTRAINT learning_studentchecklist_student_id_objective_id_c46a1bef_uniq UNIQUE (student_id, objective_id);


--
-- Name: learning_syllabus learning_syllabus_lecture_id_week_number_b0f474d4_uniq; Type: CONSTRAINT; Schema: public; Owner: slyeee
--

ALTER TABLE ONLY public.learning_syllabus
    ADD CONSTRAINT learning_syllabus_lecture_id_week_number_b0f474d4_uniq UNIQUE (lecture_id, week_number);


--
-- Name: learning_syllabus learning_syllabus_pkey; Type: CONSTRAINT; Schema: public; Owner: slyeee
--

ALTER TABLE ONLY public.learning_syllabus
    ADD CONSTRAINT learning_syllabus_pkey PRIMARY KEY (id);


--
-- Name: learning_vectorstore learning_vectorstore_pkey; Type: CONSTRAINT; Schema: public; Owner: slyeee
--

ALTER TABLE ONLY public.learning_vectorstore
    ADD CONSTRAINT learning_vectorstore_pkey PRIMARY KEY (id);


--
-- Name: users_classgroup users_classgroup_pkey; Type: CONSTRAINT; Schema: public; Owner: slyeee
--

ALTER TABLE ONLY public.users_classgroup
    ADD CONSTRAINT users_classgroup_pkey PRIMARY KEY (id);


--
-- Name: users_enrollment users_enrollment_pkey; Type: CONSTRAINT; Schema: public; Owner: slyeee
--

ALTER TABLE ONLY public.users_enrollment
    ADD CONSTRAINT users_enrollment_pkey PRIMARY KEY (id);


--
-- Name: users_enrollment users_enrollment_student_id_class_group_id_02a36b25_uniq; Type: CONSTRAINT; Schema: public; Owner: slyeee
--

ALTER TABLE ONLY public.users_enrollment
    ADD CONSTRAINT users_enrollment_student_id_class_group_id_02a36b25_uniq UNIQUE (student_id, class_group_id);


--
-- Name: users_user_groups users_user_groups_pkey; Type: CONSTRAINT; Schema: public; Owner: slyeee
--

ALTER TABLE ONLY public.users_user_groups
    ADD CONSTRAINT users_user_groups_pkey PRIMARY KEY (id);


--
-- Name: users_user_groups users_user_groups_user_id_group_id_b88eab82_uniq; Type: CONSTRAINT; Schema: public; Owner: slyeee
--

ALTER TABLE ONLY public.users_user_groups
    ADD CONSTRAINT users_user_groups_user_id_group_id_b88eab82_uniq UNIQUE (user_id, group_id);


--
-- Name: users_user users_user_pkey; Type: CONSTRAINT; Schema: public; Owner: slyeee
--

ALTER TABLE ONLY public.users_user
    ADD CONSTRAINT users_user_pkey PRIMARY KEY (id);


--
-- Name: users_user_user_permissions users_user_user_permissions_pkey; Type: CONSTRAINT; Schema: public; Owner: slyeee
--

ALTER TABLE ONLY public.users_user_user_permissions
    ADD CONSTRAINT users_user_user_permissions_pkey PRIMARY KEY (id);


--
-- Name: users_user_user_permissions users_user_user_permissions_user_id_permission_id_43338c45_uniq; Type: CONSTRAINT; Schema: public; Owner: slyeee
--

ALTER TABLE ONLY public.users_user_user_permissions
    ADD CONSTRAINT users_user_user_permissions_user_id_permission_id_43338c45_uniq UNIQUE (user_id, permission_id);


--
-- Name: users_user users_user_username_key; Type: CONSTRAINT; Schema: public; Owner: slyeee
--

ALTER TABLE ONLY public.users_user
    ADD CONSTRAINT users_user_username_key UNIQUE (username);


--
-- Name: auth_group_name_a6ea08ec_like; Type: INDEX; Schema: public; Owner: slyeee
--

CREATE INDEX auth_group_name_a6ea08ec_like ON public.auth_group USING btree (name varchar_pattern_ops);


--
-- Name: auth_group_permissions_group_id_b120cbf9; Type: INDEX; Schema: public; Owner: slyeee
--

CREATE INDEX auth_group_permissions_group_id_b120cbf9 ON public.auth_group_permissions USING btree (group_id);


--
-- Name: auth_group_permissions_permission_id_84c5c92e; Type: INDEX; Schema: public; Owner: slyeee
--

CREATE INDEX auth_group_permissions_permission_id_84c5c92e ON public.auth_group_permissions USING btree (permission_id);


--
-- Name: auth_permission_content_type_id_2f476e4b; Type: INDEX; Schema: public; Owner: slyeee
--

CREATE INDEX auth_permission_content_type_id_2f476e4b ON public.auth_permission USING btree (content_type_id);


--
-- Name: career_interviewexchange_interview_id_6349e771; Type: INDEX; Schema: public; Owner: slyeee
--

CREATE INDEX career_interviewexchange_interview_id_6349e771 ON public.career_interviewexchange USING btree (interview_id);


--
-- Name: career_mockinterview_portfolio_id_d28a7302; Type: INDEX; Schema: public; Owner: slyeee
--

CREATE INDEX career_mockinterview_portfolio_id_d28a7302 ON public.career_mockinterview USING btree (portfolio_id);


--
-- Name: career_mockinterview_student_id_48e021cb; Type: INDEX; Schema: public; Owner: slyeee
--

CREATE INDEX career_mockinterview_student_id_48e021cb ON public.career_mockinterview USING btree (student_id);


--
-- Name: career_portfolio_student_id_65d78f12; Type: INDEX; Schema: public; Owner: slyeee
--

CREATE INDEX career_portfolio_student_id_65d78f12 ON public.career_portfolio USING btree (student_id);


--
-- Name: diaries_user_id_idx; Type: INDEX; Schema: public; Owner: slyeee
--

CREATE INDEX diaries_user_id_idx ON public.diaries USING btree (user_id);


--
-- Name: django_admin_log_content_type_id_c4bce8eb; Type: INDEX; Schema: public; Owner: slyeee
--

CREATE INDEX django_admin_log_content_type_id_c4bce8eb ON public.django_admin_log USING btree (content_type_id);


--
-- Name: django_admin_log_user_id_c564eba6; Type: INDEX; Schema: public; Owner: slyeee
--

CREATE INDEX django_admin_log_user_id_c564eba6 ON public.django_admin_log USING btree (user_id);


--
-- Name: django_session_expire_date_a5c62663; Type: INDEX; Schema: public; Owner: slyeee
--

CREATE INDEX django_session_expire_date_a5c62663 ON public.django_session USING btree (expire_date);


--
-- Name: django_session_session_key_c0390e0f_like; Type: INDEX; Schema: public; Owner: slyeee
--

CREATE INDEX django_session_session_key_c0390e0f_like ON public.django_session USING btree (session_key varchar_pattern_ops);


--
-- Name: learning_attemptdetail_attempt_id_31863fe5; Type: INDEX; Schema: public; Owner: slyeee
--

CREATE INDEX learning_attemptdetail_attempt_id_31863fe5 ON public.learning_attemptdetail USING btree (attempt_id);


--
-- Name: learning_attemptdetail_question_id_3341b480; Type: INDEX; Schema: public; Owner: slyeee
--

CREATE INDEX learning_attemptdetail_question_id_3341b480 ON public.learning_attemptdetail USING btree (question_id);


--
-- Name: learning_dailyquiz_section_id_026e78fb; Type: INDEX; Schema: public; Owner: slyeee
--

CREATE INDEX learning_dailyquiz_section_id_026e78fb ON public.learning_dailyquiz USING btree (section_id);


--
-- Name: learning_dailyquiz_student_id_5ca4b129; Type: INDEX; Schema: public; Owner: slyeee
--

CREATE INDEX learning_dailyquiz_student_id_5ca4b129 ON public.learning_dailyquiz USING btree (student_id);


--
-- Name: learning_learningobjective_syllabus_id_87e611c2; Type: INDEX; Schema: public; Owner: slyeee
--

CREATE INDEX learning_learningobjective_syllabus_id_87e611c2 ON public.learning_learningobjective USING btree (syllabus_id);


--
-- Name: learning_learningsession_lecture_id_e425afff; Type: INDEX; Schema: public; Owner: slyeee
--

CREATE INDEX learning_learningsession_lecture_id_e425afff ON public.learning_learningsession USING btree (lecture_id);


--
-- Name: learning_learningsession_section_id_de596e3d; Type: INDEX; Schema: public; Owner: slyeee
--

CREATE INDEX learning_learningsession_section_id_de596e3d ON public.learning_learningsession USING btree (section_id);


--
-- Name: learning_learningsession_student_id_cc621eba; Type: INDEX; Schema: public; Owner: slyeee
--

CREATE INDEX learning_learningsession_student_id_cc621eba ON public.learning_learningsession USING btree (student_id);


--
-- Name: learning_lecture_access_code_be03d9bc_like; Type: INDEX; Schema: public; Owner: slyeee
--

CREATE INDEX learning_lecture_access_code_be03d9bc_like ON public.learning_lecture USING btree (access_code varchar_pattern_ops);


--
-- Name: learning_lecture_instructor_id_051198b3; Type: INDEX; Schema: public; Owner: slyeee
--

CREATE INDEX learning_lecture_instructor_id_051198b3 ON public.learning_lecture USING btree (instructor_id);


--
-- Name: learning_lecture_students_lecture_id_07f3490b; Type: INDEX; Schema: public; Owner: slyeee
--

CREATE INDEX learning_lecture_students_lecture_id_07f3490b ON public.learning_lecture_students USING btree (lecture_id);


--
-- Name: learning_lecture_students_user_id_074414e6; Type: INDEX; Schema: public; Owner: slyeee
--

CREATE INDEX learning_lecture_students_user_id_074414e6 ON public.learning_lecture_students USING btree (user_id);


--
-- Name: learning_quizattempt_quiz_id_aea4244a; Type: INDEX; Schema: public; Owner: slyeee
--

CREATE INDEX learning_quizattempt_quiz_id_aea4244a ON public.learning_quizattempt USING btree (quiz_id);


--
-- Name: learning_quizattempt_student_id_2bcf53c8; Type: INDEX; Schema: public; Owner: slyeee
--

CREATE INDEX learning_quizattempt_student_id_2bcf53c8 ON public.learning_quizattempt USING btree (student_id);


--
-- Name: learning_quizquestion_quiz_id_9e871a8c; Type: INDEX; Schema: public; Owner: slyeee
--

CREATE INDEX learning_quizquestion_quiz_id_9e871a8c ON public.learning_quizquestion USING btree (quiz_id);


--
-- Name: learning_sessionsummary_session_id_747573dc; Type: INDEX; Schema: public; Owner: slyeee
--

CREATE INDEX learning_sessionsummary_session_id_747573dc ON public.learning_sessionsummary USING btree (session_id);


--
-- Name: learning_sttlog_session_id_af4f9d20; Type: INDEX; Schema: public; Owner: slyeee
--

CREATE INDEX learning_sttlog_session_id_af4f9d20 ON public.learning_sttlog USING btree (session_id);


--
-- Name: learning_studentchecklist_objective_id_2e101222; Type: INDEX; Schema: public; Owner: slyeee
--

CREATE INDEX learning_studentchecklist_objective_id_2e101222 ON public.learning_studentchecklist USING btree (objective_id);


--
-- Name: learning_studentchecklist_student_id_ac080dd2; Type: INDEX; Schema: public; Owner: slyeee
--

CREATE INDEX learning_studentchecklist_student_id_ac080dd2 ON public.learning_studentchecklist USING btree (student_id);


--
-- Name: learning_syllabus_lecture_id_695bc42c; Type: INDEX; Schema: public; Owner: slyeee
--

CREATE INDEX learning_syllabus_lecture_id_695bc42c ON public.learning_syllabus USING btree (lecture_id);


--
-- Name: learning_vectorstore_lecture_id_e0d347f2; Type: INDEX; Schema: public; Owner: slyeee
--

CREATE INDEX learning_vectorstore_lecture_id_e0d347f2 ON public.learning_vectorstore USING btree (lecture_id);


--
-- Name: learning_vectorstore_session_id_26f12ce5; Type: INDEX; Schema: public; Owner: slyeee
--

CREATE INDEX learning_vectorstore_session_id_26f12ce5 ON public.learning_vectorstore USING btree (session_id);


--
-- Name: users_classgroup_manager_id_5ccbf359; Type: INDEX; Schema: public; Owner: slyeee
--

CREATE INDEX users_classgroup_manager_id_5ccbf359 ON public.users_classgroup USING btree (manager_id);


--
-- Name: users_enrollment_class_group_id_b505fcbc; Type: INDEX; Schema: public; Owner: slyeee
--

CREATE INDEX users_enrollment_class_group_id_b505fcbc ON public.users_enrollment USING btree (class_group_id);


--
-- Name: users_enrollment_student_id_d02e7a1f; Type: INDEX; Schema: public; Owner: slyeee
--

CREATE INDEX users_enrollment_student_id_d02e7a1f ON public.users_enrollment USING btree (student_id);


--
-- Name: users_user_groups_group_id_9afc8d0e; Type: INDEX; Schema: public; Owner: slyeee
--

CREATE INDEX users_user_groups_group_id_9afc8d0e ON public.users_user_groups USING btree (group_id);


--
-- Name: users_user_groups_user_id_5f6f5a90; Type: INDEX; Schema: public; Owner: slyeee
--

CREATE INDEX users_user_groups_user_id_5f6f5a90 ON public.users_user_groups USING btree (user_id);


--
-- Name: users_user_user_permissions_permission_id_0b93982e; Type: INDEX; Schema: public; Owner: slyeee
--

CREATE INDEX users_user_user_permissions_permission_id_0b93982e ON public.users_user_user_permissions USING btree (permission_id);


--
-- Name: users_user_user_permissions_user_id_20aca447; Type: INDEX; Schema: public; Owner: slyeee
--

CREATE INDEX users_user_user_permissions_user_id_20aca447 ON public.users_user_user_permissions USING btree (user_id);


--
-- Name: users_user_username_06e46fe6_like; Type: INDEX; Schema: public; Owner: slyeee
--

CREATE INDEX users_user_username_06e46fe6_like ON public.users_user USING btree (username varchar_pattern_ops);


--
-- Name: auth_group_permissions auth_group_permissio_permission_id_84c5c92e_fk_auth_perm; Type: FK CONSTRAINT; Schema: public; Owner: slyeee
--

ALTER TABLE ONLY public.auth_group_permissions
    ADD CONSTRAINT auth_group_permissio_permission_id_84c5c92e_fk_auth_perm FOREIGN KEY (permission_id) REFERENCES public.auth_permission(id) DEFERRABLE INITIALLY DEFERRED;


--
-- Name: auth_group_permissions auth_group_permissions_group_id_b120cbf9_fk_auth_group_id; Type: FK CONSTRAINT; Schema: public; Owner: slyeee
--

ALTER TABLE ONLY public.auth_group_permissions
    ADD CONSTRAINT auth_group_permissions_group_id_b120cbf9_fk_auth_group_id FOREIGN KEY (group_id) REFERENCES public.auth_group(id) DEFERRABLE INITIALLY DEFERRED;


--
-- Name: auth_permission auth_permission_content_type_id_2f476e4b_fk_django_co; Type: FK CONSTRAINT; Schema: public; Owner: slyeee
--

ALTER TABLE ONLY public.auth_permission
    ADD CONSTRAINT auth_permission_content_type_id_2f476e4b_fk_django_co FOREIGN KEY (content_type_id) REFERENCES public.django_content_type(id) DEFERRABLE INITIALLY DEFERRED;


--
-- Name: career_interviewexchange career_interviewexch_interview_id_6349e771_fk_career_mo; Type: FK CONSTRAINT; Schema: public; Owner: slyeee
--

ALTER TABLE ONLY public.career_interviewexchange
    ADD CONSTRAINT career_interviewexch_interview_id_6349e771_fk_career_mo FOREIGN KEY (interview_id) REFERENCES public.career_mockinterview(id) DEFERRABLE INITIALLY DEFERRED;


--
-- Name: career_mockinterview career_mockinterview_portfolio_id_d28a7302_fk_career_po; Type: FK CONSTRAINT; Schema: public; Owner: slyeee
--

ALTER TABLE ONLY public.career_mockinterview
    ADD CONSTRAINT career_mockinterview_portfolio_id_d28a7302_fk_career_po FOREIGN KEY (portfolio_id) REFERENCES public.career_portfolio(id) DEFERRABLE INITIALLY DEFERRED;


--
-- Name: career_mockinterview career_mockinterview_student_id_48e021cb_fk_users_user_id; Type: FK CONSTRAINT; Schema: public; Owner: slyeee
--

ALTER TABLE ONLY public.career_mockinterview
    ADD CONSTRAINT career_mockinterview_student_id_48e021cb_fk_users_user_id FOREIGN KEY (student_id) REFERENCES public.users_user(id) DEFERRABLE INITIALLY DEFERRED;


--
-- Name: career_portfolio career_portfolio_student_id_65d78f12_fk_users_user_id; Type: FK CONSTRAINT; Schema: public; Owner: slyeee
--

ALTER TABLE ONLY public.career_portfolio
    ADD CONSTRAINT career_portfolio_student_id_65d78f12_fk_users_user_id FOREIGN KEY (student_id) REFERENCES public.users_user(id) DEFERRABLE INITIALLY DEFERRED;


--
-- Name: django_admin_log django_admin_log_content_type_id_c4bce8eb_fk_django_co; Type: FK CONSTRAINT; Schema: public; Owner: slyeee
--

ALTER TABLE ONLY public.django_admin_log
    ADD CONSTRAINT django_admin_log_content_type_id_c4bce8eb_fk_django_co FOREIGN KEY (content_type_id) REFERENCES public.django_content_type(id) DEFERRABLE INITIALLY DEFERRED;


--
-- Name: django_admin_log django_admin_log_user_id_c564eba6_fk_users_user_id; Type: FK CONSTRAINT; Schema: public; Owner: slyeee
--

ALTER TABLE ONLY public.django_admin_log
    ADD CONSTRAINT django_admin_log_user_id_c564eba6_fk_users_user_id FOREIGN KEY (user_id) REFERENCES public.users_user(id) DEFERRABLE INITIALLY DEFERRED;


--
-- Name: diaries fk_diaries_users_user; Type: FK CONSTRAINT; Schema: public; Owner: slyeee
--

ALTER TABLE ONLY public.diaries
    ADD CONSTRAINT fk_diaries_users_user FOREIGN KEY (user_id) REFERENCES public.users_user(id) DEFERRABLE INITIALLY DEFERRED;


--
-- Name: learning_attemptdetail learning_attemptdeta_attempt_id_31863fe5_fk_learning_; Type: FK CONSTRAINT; Schema: public; Owner: slyeee
--

ALTER TABLE ONLY public.learning_attemptdetail
    ADD CONSTRAINT learning_attemptdeta_attempt_id_31863fe5_fk_learning_ FOREIGN KEY (attempt_id) REFERENCES public.learning_quizattempt(id) DEFERRABLE INITIALLY DEFERRED;


--
-- Name: learning_attemptdetail learning_attemptdeta_question_id_3341b480_fk_learning_; Type: FK CONSTRAINT; Schema: public; Owner: slyeee
--

ALTER TABLE ONLY public.learning_attemptdetail
    ADD CONSTRAINT learning_attemptdeta_question_id_3341b480_fk_learning_ FOREIGN KEY (question_id) REFERENCES public.learning_quizquestion(id) DEFERRABLE INITIALLY DEFERRED;


--
-- Name: learning_dailyquiz learning_dailyquiz_section_id_026e78fb_fk_courses_c; Type: FK CONSTRAINT; Schema: public; Owner: slyeee
--

ALTER TABLE ONLY public.learning_dailyquiz
    ADD CONSTRAINT learning_dailyquiz_section_id_026e78fb_fk_courses_c FOREIGN KEY (section_id) REFERENCES public.courses_coursesection(id) DEFERRABLE INITIALLY DEFERRED;


--
-- Name: learning_dailyquiz learning_dailyquiz_student_id_5ca4b129_fk_users_user_id; Type: FK CONSTRAINT; Schema: public; Owner: slyeee
--

ALTER TABLE ONLY public.learning_dailyquiz
    ADD CONSTRAINT learning_dailyquiz_student_id_5ca4b129_fk_users_user_id FOREIGN KEY (student_id) REFERENCES public.users_user(id) DEFERRABLE INITIALLY DEFERRED;


--
-- Name: learning_learningobjective learning_learningobj_syllabus_id_87e611c2_fk_learning_; Type: FK CONSTRAINT; Schema: public; Owner: slyeee
--

ALTER TABLE ONLY public.learning_learningobjective
    ADD CONSTRAINT learning_learningobj_syllabus_id_87e611c2_fk_learning_ FOREIGN KEY (syllabus_id) REFERENCES public.learning_syllabus(id) DEFERRABLE INITIALLY DEFERRED;


--
-- Name: learning_learningsession learning_learningses_lecture_id_e425afff_fk_learning_; Type: FK CONSTRAINT; Schema: public; Owner: slyeee
--

ALTER TABLE ONLY public.learning_learningsession
    ADD CONSTRAINT learning_learningses_lecture_id_e425afff_fk_learning_ FOREIGN KEY (lecture_id) REFERENCES public.learning_lecture(id) DEFERRABLE INITIALLY DEFERRED;


--
-- Name: learning_learningsession learning_learningses_section_id_de596e3d_fk_courses_c; Type: FK CONSTRAINT; Schema: public; Owner: slyeee
--

ALTER TABLE ONLY public.learning_learningsession
    ADD CONSTRAINT learning_learningses_section_id_de596e3d_fk_courses_c FOREIGN KEY (section_id) REFERENCES public.courses_coursesection(id) DEFERRABLE INITIALLY DEFERRED;


--
-- Name: learning_learningsession learning_learningsession_student_id_cc621eba_fk_users_user_id; Type: FK CONSTRAINT; Schema: public; Owner: slyeee
--

ALTER TABLE ONLY public.learning_learningsession
    ADD CONSTRAINT learning_learningsession_student_id_cc621eba_fk_users_user_id FOREIGN KEY (student_id) REFERENCES public.users_user(id) DEFERRABLE INITIALLY DEFERRED;


--
-- Name: learning_lecture learning_lecture_instructor_id_051198b3_fk_users_user_id; Type: FK CONSTRAINT; Schema: public; Owner: slyeee
--

ALTER TABLE ONLY public.learning_lecture
    ADD CONSTRAINT learning_lecture_instructor_id_051198b3_fk_users_user_id FOREIGN KEY (instructor_id) REFERENCES public.users_user(id) DEFERRABLE INITIALLY DEFERRED;


--
-- Name: learning_lecture_students learning_lecture_stu_lecture_id_07f3490b_fk_learning_; Type: FK CONSTRAINT; Schema: public; Owner: slyeee
--

ALTER TABLE ONLY public.learning_lecture_students
    ADD CONSTRAINT learning_lecture_stu_lecture_id_07f3490b_fk_learning_ FOREIGN KEY (lecture_id) REFERENCES public.learning_lecture(id) DEFERRABLE INITIALLY DEFERRED;


--
-- Name: learning_lecture_students learning_lecture_students_user_id_074414e6_fk_users_user_id; Type: FK CONSTRAINT; Schema: public; Owner: slyeee
--

ALTER TABLE ONLY public.learning_lecture_students
    ADD CONSTRAINT learning_lecture_students_user_id_074414e6_fk_users_user_id FOREIGN KEY (user_id) REFERENCES public.users_user(id) DEFERRABLE INITIALLY DEFERRED;


--
-- Name: learning_quizattempt learning_quizattempt_quiz_id_aea4244a_fk_learning_dailyquiz_id; Type: FK CONSTRAINT; Schema: public; Owner: slyeee
--

ALTER TABLE ONLY public.learning_quizattempt
    ADD CONSTRAINT learning_quizattempt_quiz_id_aea4244a_fk_learning_dailyquiz_id FOREIGN KEY (quiz_id) REFERENCES public.learning_dailyquiz(id) DEFERRABLE INITIALLY DEFERRED;


--
-- Name: learning_quizattempt learning_quizattempt_student_id_2bcf53c8_fk_users_user_id; Type: FK CONSTRAINT; Schema: public; Owner: slyeee
--

ALTER TABLE ONLY public.learning_quizattempt
    ADD CONSTRAINT learning_quizattempt_student_id_2bcf53c8_fk_users_user_id FOREIGN KEY (student_id) REFERENCES public.users_user(id) DEFERRABLE INITIALLY DEFERRED;


--
-- Name: learning_quizquestion learning_quizquestion_quiz_id_9e871a8c_fk_learning_dailyquiz_id; Type: FK CONSTRAINT; Schema: public; Owner: slyeee
--

ALTER TABLE ONLY public.learning_quizquestion
    ADD CONSTRAINT learning_quizquestion_quiz_id_9e871a8c_fk_learning_dailyquiz_id FOREIGN KEY (quiz_id) REFERENCES public.learning_dailyquiz(id) DEFERRABLE INITIALLY DEFERRED;


--
-- Name: learning_sessionsummary learning_sessionsumm_session_id_747573dc_fk_learning_; Type: FK CONSTRAINT; Schema: public; Owner: slyeee
--

ALTER TABLE ONLY public.learning_sessionsummary
    ADD CONSTRAINT learning_sessionsumm_session_id_747573dc_fk_learning_ FOREIGN KEY (session_id) REFERENCES public.learning_learningsession(id) DEFERRABLE INITIALLY DEFERRED;


--
-- Name: learning_sttlog learning_sttlog_session_id_af4f9d20_fk_learning_; Type: FK CONSTRAINT; Schema: public; Owner: slyeee
--

ALTER TABLE ONLY public.learning_sttlog
    ADD CONSTRAINT learning_sttlog_session_id_af4f9d20_fk_learning_ FOREIGN KEY (session_id) REFERENCES public.learning_learningsession(id) DEFERRABLE INITIALLY DEFERRED;


--
-- Name: learning_studentchecklist learning_studentchec_objective_id_2e101222_fk_learning_; Type: FK CONSTRAINT; Schema: public; Owner: slyeee
--

ALTER TABLE ONLY public.learning_studentchecklist
    ADD CONSTRAINT learning_studentchec_objective_id_2e101222_fk_learning_ FOREIGN KEY (objective_id) REFERENCES public.learning_learningobjective(id) DEFERRABLE INITIALLY DEFERRED;


--
-- Name: learning_studentchecklist learning_studentchecklist_student_id_ac080dd2_fk_users_user_id; Type: FK CONSTRAINT; Schema: public; Owner: slyeee
--

ALTER TABLE ONLY public.learning_studentchecklist
    ADD CONSTRAINT learning_studentchecklist_student_id_ac080dd2_fk_users_user_id FOREIGN KEY (student_id) REFERENCES public.users_user(id) DEFERRABLE INITIALLY DEFERRED;


--
-- Name: learning_syllabus learning_syllabus_lecture_id_695bc42c_fk_learning_lecture_id; Type: FK CONSTRAINT; Schema: public; Owner: slyeee
--

ALTER TABLE ONLY public.learning_syllabus
    ADD CONSTRAINT learning_syllabus_lecture_id_695bc42c_fk_learning_lecture_id FOREIGN KEY (lecture_id) REFERENCES public.learning_lecture(id) DEFERRABLE INITIALLY DEFERRED;


--
-- Name: learning_vectorstore learning_vectorstore_lecture_id_e0d347f2_fk_learning_lecture_id; Type: FK CONSTRAINT; Schema: public; Owner: slyeee
--

ALTER TABLE ONLY public.learning_vectorstore
    ADD CONSTRAINT learning_vectorstore_lecture_id_e0d347f2_fk_learning_lecture_id FOREIGN KEY (lecture_id) REFERENCES public.learning_lecture(id) DEFERRABLE INITIALLY DEFERRED;


--
-- Name: learning_vectorstore learning_vectorstore_session_id_26f12ce5_fk_learning_; Type: FK CONSTRAINT; Schema: public; Owner: slyeee
--

ALTER TABLE ONLY public.learning_vectorstore
    ADD CONSTRAINT learning_vectorstore_session_id_26f12ce5_fk_learning_ FOREIGN KEY (session_id) REFERENCES public.learning_learningsession(id) DEFERRABLE INITIALLY DEFERRED;


--
-- Name: users_classgroup users_classgroup_manager_id_5ccbf359_fk_users_user_id; Type: FK CONSTRAINT; Schema: public; Owner: slyeee
--

ALTER TABLE ONLY public.users_classgroup
    ADD CONSTRAINT users_classgroup_manager_id_5ccbf359_fk_users_user_id FOREIGN KEY (manager_id) REFERENCES public.users_user(id) DEFERRABLE INITIALLY DEFERRED;


--
-- Name: users_enrollment users_enrollment_class_group_id_b505fcbc_fk_users_classgroup_id; Type: FK CONSTRAINT; Schema: public; Owner: slyeee
--

ALTER TABLE ONLY public.users_enrollment
    ADD CONSTRAINT users_enrollment_class_group_id_b505fcbc_fk_users_classgroup_id FOREIGN KEY (class_group_id) REFERENCES public.users_classgroup(id) DEFERRABLE INITIALLY DEFERRED;


--
-- Name: users_enrollment users_enrollment_student_id_d02e7a1f_fk_users_user_id; Type: FK CONSTRAINT; Schema: public; Owner: slyeee
--

ALTER TABLE ONLY public.users_enrollment
    ADD CONSTRAINT users_enrollment_student_id_d02e7a1f_fk_users_user_id FOREIGN KEY (student_id) REFERENCES public.users_user(id) DEFERRABLE INITIALLY DEFERRED;


--
-- Name: users_user_groups users_user_groups_group_id_9afc8d0e_fk_auth_group_id; Type: FK CONSTRAINT; Schema: public; Owner: slyeee
--

ALTER TABLE ONLY public.users_user_groups
    ADD CONSTRAINT users_user_groups_group_id_9afc8d0e_fk_auth_group_id FOREIGN KEY (group_id) REFERENCES public.auth_group(id) DEFERRABLE INITIALLY DEFERRED;


--
-- Name: users_user_groups users_user_groups_user_id_5f6f5a90_fk_users_user_id; Type: FK CONSTRAINT; Schema: public; Owner: slyeee
--

ALTER TABLE ONLY public.users_user_groups
    ADD CONSTRAINT users_user_groups_user_id_5f6f5a90_fk_users_user_id FOREIGN KEY (user_id) REFERENCES public.users_user(id) DEFERRABLE INITIALLY DEFERRED;


--
-- Name: users_user_user_permissions users_user_user_perm_permission_id_0b93982e_fk_auth_perm; Type: FK CONSTRAINT; Schema: public; Owner: slyeee
--

ALTER TABLE ONLY public.users_user_user_permissions
    ADD CONSTRAINT users_user_user_perm_permission_id_0b93982e_fk_auth_perm FOREIGN KEY (permission_id) REFERENCES public.auth_permission(id) DEFERRABLE INITIALLY DEFERRED;


--
-- Name: users_user_user_permissions users_user_user_permissions_user_id_20aca447_fk_users_user_id; Type: FK CONSTRAINT; Schema: public; Owner: slyeee
--

ALTER TABLE ONLY public.users_user_user_permissions
    ADD CONSTRAINT users_user_user_permissions_user_id_20aca447_fk_users_user_id FOREIGN KEY (user_id) REFERENCES public.users_user(id) DEFERRABLE INITIALLY DEFERRED;


--
-- PostgreSQL database dump complete
--

\unrestrict Chx8jwU6pZLY0zwAlYKo4vc2y1ykK2Dwy7wK5LuUxpP9k3HacHBFTic6fxUVbf2

